SET FOREIGN_KEY_CHECKS=0;

-- ----------------------------
-- Table structure for vote_user
-- ----------------------------
DROP TABLE IF EXISTS `vote_user`;
CREATE TABLE `vote_user` (
                             `VU_USER_ID` int(11) NOT NULL AUTO_INCREMENT,
                             `VU_USER_NAME` varchar(20) NOT NULL,
                             `VU_PASSWORD` varchar(20) NOT NULL,
                             `VU_STATUS` varchar(20) NOT NULL,
                             `VU_VERSION` int(11) NOT NULL,
                             PRIMARY KEY (`VU_USER_ID`),
                             UNIQUE KEY `unique_username` (`VU_USER_NAME`),
                             KEY `VU_USER_ID` (`VU_USER_ID`)
) ENGINE=InnoDB AUTO_INCREMENT=33 DEFAULT CHARSET=utf8;

-- ----------------------------
-- Records of vote_user
-- ----------------------------
INSERT INTO `vote_user` VALUES
                            ('5', '234', '234', '2', '1'),
                            ('6', '123', '123', '1', '1'),
                            ('7', '111', '111', '1', '2'),
                            ('8', '222', '222', '1', '1'),
                            ('9', '567', '567', '2', '1'),
                            ('10', '138', '138', '2', '1'),
                            ('12', 'luoye', '158', '2', '1'),
                            ('13', 'rox', 'ytg', '1', '2'),
                            ('16', '2345', '123', '2', '1'),
                            ('17', '2575', '2606', '1', '2'),
                            ('18', '1314', '1314', '2', '1'),
                            ('19', '147', '147', '1', '2'),
                            ('20', 'qst260696', 'qstt', '1', '1'),
                            ('21', 'qst2575', '2575', '2', '1'), -- 保留一个 'qst2575'
-- ('22', 'qst2575', '2575', '2', '1'), -- 移除重复
-- ('23', 'qst2575', '2575', '2', '1'), -- 移除重复
-- ('24', 'qst2575', '2575', '2', '1'), -- 移除重复
-- ('25', 'qst2575', '2575', '2', '1'), -- 移除重复
                            ('26', '123333', '123333', '1', '1'),
                            ('27', '234sdsa', '234', '2', '1'),
                            ('28', 'qst2577', 'qst2576', '1', '2'), -- 检查是否需要
                            ('29', '14457', '14457', '2', '1'),
                            ('30', '152', '152', '2', '1'),
                            ('31', '145', '145', '1', '2'),
                            ('32', '4567', '123', '2', '1');

-- ----------------------------
-- Table structure for vote_subject
-- ----------------------------
DROP TABLE IF EXISTS `vote_subject`;
CREATE TABLE `vote_subject` (
                                `VS_ID` int(11) NOT NULL AUTO_INCREMENT,
                                `VS_TITLE` varchar(200) NOT NULL,
                                `VS_TYPE` int(11) NOT NULL,
                                `VU_USER_NAME` varchar(20) NOT NULL, -- 确保长度与 `vote_user` 表一致
                                PRIMARY KEY (`VS_ID`),
                                KEY `vuname` (`VU_USER_NAME`),
                                CONSTRAINT `vuname` FOREIGN KEY (`VU_USER_NAME`) REFERENCES `vote_user` (`VU_USER_NAME`)
) ENGINE=InnoDB AUTO_INCREMENT=132 DEFAULT CHARSET=utf8;

-- ----------------------------
-- Records of vote_subject
-- ----------------------------
INSERT INTO `vote_subject` VALUES
                               ('97', '户外运动我选？', '1', '123'),
                               ('98', '喜欢什么动物？', '2', '567'),
                               ('113', '早餐吃啥？', '1', 'luoye'),
                               ('117', 'abcd', '1', '2345'),
                               ('120', 'asdf', '1', '138'),
                               ('121', '哪种语言好用', '1', '1314'),
                               ('122', '把大象装进冰箱需要几步？', '2', 'rox'),
                               ('124', '喜欢什么水果', '2', 'rox'),
                               ('125', '周末去哪儿玩', '1', 'rox'),
                               ('126', '实训基地去哪个', '1', 'qst260696'),
                               ('127', '电脑品牌选什么？', '1', '234'),
                               ('128', '看到蛇会选择？', '1', '222'),
                               ('129', '饮料哪个最好喝', '2', '234'),
                               ('130', 'uhji', '2', '234'),
                               ('131', '喜欢什么手机', '2', '234');

-- ----------------------------
-- Table structure for vote_option
-- ----------------------------
DROP TABLE IF EXISTS `vote_option`;
CREATE TABLE `vote_option` (
                               `VO_ID` int(11) NOT NULL AUTO_INCREMENT,
                               `VO_OPTION` varchar(100) DEFAULT NULL,
                               `VS_ID` int(11) DEFAULT NULL,
                               `VO_ORDER` int(11) DEFAULT NULL,
                               PRIMARY KEY (`VO_ID`),
                               KEY `VO_OPTION` (`VO_OPTION`),
                               KEY `vsid` (`VS_ID`),
                               CONSTRAINT `vsid` FOREIGN KEY (`VS_ID`) REFERENCES `vote_subject` (`VS_ID`)
) ENGINE=InnoDB AUTO_INCREMENT=404 DEFAULT CHARSET=utf8;

-- ----------------------------
-- Records of vote_option
-- ----------------------------
INSERT INTO `vote_option` VALUES
                              ('259', '游泳', '97', '1'),
                              ('260', '爬山', '97', '2'),
                              ('261', '骑车', '97', '3'),
                              ('262', '篮球', '97', '4'),
                              ('263', '远足', '97', '5'),
                              ('264', '小猫', '98', '1'),
                              ('265', '小狗', '98', '2'),
                              ('266', '小猪', '98', '3'),
                              ('267', '小鸟', '98', '4'),
                              ('268', '小马', '98', '5'),
                              ('329', '包子', '113', '1'),
                              ('330', '馒头', '113', '2'),
                              ('331', '油条', '113', '3'),
                              ('332', '米粥', '113', '4'),
                              ('345', 'a', '117', '1'),
                              ('346', 'b', '117', '2'),
                              ('347', 'c', '117', '3'),
                              ('348', 'd', '117', '4'),
                              ('359', 'a', '120', '1'),
                              ('360', 'c', '120', '2'),
                              ('361', 'd', '120', '3'),
                              ('362', 'f', '120', '4'),
                              ('363', 'javase', '121', '1'),
                              ('364', 'c', '121', '2'),
                              ('365', 'python', '121', '3'),
                              ('366', 'javaee', '121', '4'),
                              ('367', '一步', '122', '1'),
                              ('368', '两步', '122', '2'),
                              ('369', '三步', '122', '3'),
                              ('374', '香蕉', '124', '1'),
                              ('375', '苹果', '124', '2'),
                              ('376', '芒果', '124', '3'),
                              ('377', '火龙果', '124', '4'),
                              ('378', '骑车', '125', '1'),
                              ('379', '游泳', '125', '2'),
                              ('380', '学习', '125', '3'),
                              ('381', '打游戏', '125', '4'),
                              ('382', '中山', '126', '1'),
                              ('383', '广州', '126', '2'),
                              ('384', '长沙', '126', '3'),
                              ('385', '华硕', '127', '1'),
                              ('386', '苹果', '127', '2'),
                              ('387', '戴尔', '127', '3'),
                              ('388', '联想', '127', '4'),
                              ('389', '逃跑', '128', '1'),
                              ('390', '呆住', '128', '2'),
                              ('391', '抓住它', '128', '3'),
                              ('392', '脉动', '129', '1'),
                              ('393', '果缤纷', '129', '2'),
                              ('394', '椰子汁', '129', '3'),
                              ('395', '雪碧', '129', '4'),
                              ('396', 'e', '130', '1'),
                              ('397', 'e', '130', '2'),
                              ('398', 'r', '130', '3'),
                              ('399', 't', '130', '4'),
                              ('400', '苹果sad', '131', '1'),
                              ('401', '华为', '131', '2'),
                              ('402', '小米', '131', '3'),
                              ('403', '联想', '131', '4');

-- ----------------------------
-- Table structure for vote_item
-- ----------------------------
DROP TABLE IF EXISTS `vote_item`;
CREATE TABLE `vote_item` (
                             `VI_ID` int(11) NOT NULL AUTO_INCREMENT,
                             `VO_ID` int(11) NOT NULL,
                             `VS_ID` int(11) NOT NULL,
                             `VU_USER_ID` int(11) NOT NULL,
                             PRIMARY KEY (`VI_ID`),
                             KEY `aavoid` (`VO_ID`),
                             KEY `bsid` (`VS_ID`),
                             KEY `cvuuserid` (`VU_USER_ID`),
                             CONSTRAINT `aavoid` FOREIGN KEY (`VO_ID`) REFERENCES `vote_option` (`VO_ID`),
                             CONSTRAINT `bsid` FOREIGN KEY (`VS_ID`) REFERENCES `vote_subject` (`VS_ID`),
                             CONSTRAINT `cvuuserid` FOREIGN KEY (`VU_USER_ID`) REFERENCES `vote_user` (`VU_USER_ID`)
) ENGINE=InnoDB AUTO_INCREMENT=223 DEFAULT CHARSET=utf8;

-- ----------------------------
-- Records of vote_item
-- ----------------------------
INSERT INTO `vote_item` VALUES
                            ('89', '262', '97', '5'),
                            ('90', '262', '97', '5'),
                            ('94', '265', '98', '9'),
                            ('95', '266', '98', '9'),
                            ('96', '266', '98', '9'),
                            ('97', '267', '98', '9'),
                            ('119', '267', '98', '6'),
                            ('120', '268', '98', '6'),
                            ('125', '329', '113', '5'),
                            ('126', '329', '113', '5'),
                            ('127', '264', '98', '5'),
                            ('134', '261', '97', '5'),
                            ('135', '260', '97', '5'),
                            ('136', '259', '97', '5'),
                            ('137', '261', '97', '5'),
                            ('140', '262', '97', '5'),
                            ('141', '265', '98', '5'),
                            ('142', '266', '98', '5'),
                            ('143', '265', '98', '5'),
                            ('144', '266', '98', '5'),
                            ('145', '331', '113', '6'),
                            ('149', '264', '98', '6'),
                            ('150', '265', '98', '6'),
                            ('151', '331', '113', '6'),
                            ('152', '331', '113', '6'),
                            ('153', '331', '113', '6'),
                            ('156', '261', '97', '5'),
                            ('157', '266', '98', '5'),
                            ('158', '267', '98', '5'),
                            ('159', '331', '113', '5'),
                            ('169', '267', '98', '9'),
                            ('170', '268', '98', '9'),
                            ('175', '330', '113', '10'),
                            ('186', '262', '97', '18'),
                            ('187', '262', '97', '18'),
                            ('188', '366', '121', '18'),
                            ('189', '265', '98', '18'),
                            ('190', '266', '98', '18'),
                            ('191', '265', '98', '18'),
                            ('192', '266', '98', '18'),
                            ('193', '365', '121', '5'),
                            ('194', '259', '97', '13'),
                            ('195', '367', '122', '13'),
                            ('196', '368', '122', '13'),
                            ('197', '267', '98', '20'),
                            ('198', '268', '98', '20'),
                            ('199', '364', '121', '20'),
                            ('200', '347', '117', '5'),
                            ('201', '347', '117', '5'),
                            ('202', '347', '117', '5'),
                            ('203', '347', '117', '5'),
                            ('204', '347', '117', '5'),
                            ('205', '347', '117', '5'),
                            ('206', '347', '117', '5'),
                            ('207', '347', '117', '5'),
                            ('208', '347', '117', '5'),
                            ('209', '347', '117', '5'),
                            ('210', '347', '117', '5'),
                            ('211', '347', '117', '5'),
                            ('212', '359', '120', '5'),
                            ('213', '376', '124', '8'),
                            ('214', '377', '124', '8'),
                            ('215', '367', '122', '5'),
                            ('216', '368', '122', '5'),
                            ('217', '388', '127', '5'),
                            ('218', '259', '97', '7'),
                            ('220', '375', '124', '5'),
                            ('221', '376', '124', '5'),
                            ('222', '383', '126', '5');

SET FOREIGN_KEY_CHECKS=1;
